<?xml version="1.0" encoding="UTF-8"?>
<project-private xmlns="http://www.netbeans.org/ns/project-private/1">
    <editor-bookmarks xmlns="http://www.netbeans.org/ns/editor-bookmarks/2" lastBookmarkId="0"/>
    <open-files xmlns="http://www.netbeans.org/ns/projectui-open-files/2">
        <group>
            <file>file:/home/arpit/NineBoxPuzzle/src/nineboxpuzzle/Box.java</file>
            <file>file:/home/arpit/NineBoxPuzzle/src/nineboxpuzzle/EventHandler.java</file>
            <file>file:/home/arpit/NineBoxPuzzle/src/nineboxpuzzle/GameEngine.java</file>
            <file>file:/home/arpit/NineBoxPuzzle/src/nineboxpuzzle/PlayArea.java</file>
            <file>file:/home/arpit/NineBoxPuzzle/src/nineboxpuzzle/NineBoxPuzzle.java</file>
        </group>
    </open-files>
</project-private>
